Date,Document,Importance,Procedural/Factual Step,Legal Meaning/Summary,Meta Meaning/Summary
1966-06-28,[1966_06_28_1355 mill st plan.PDF](https://github.com/tdemelle-SiP/bakers_pond/blob/master/Dated%20Documents/1966_06_28_1355%20mill%20st%20plan.PDF),‚ö™ color,Historical property plan from 1966,Establishes baseline property configuration,Shows property before environmental regulations
1966-06-28,[1966_06_28_Screenshot_2150.png](https://github.com/tdemelle-SiP/bakers_pond/blob/master/Dated%20Documents/1966_06_28_Screenshot_2150.png),‚ö™ color,Screenshot of 1966 plan,Visual documentation of historical conditions,Supporting evidence of pre-regulation state
1969-02-05,[1969_02_05_Full_D0Z6.pdf](https://github.com/tdemelle-SiP/bakers_pond/blob/master/Dated%20Documents/1969_02_05_Full_D0Z6.pdf),‚ö™ color,Historical property document,Early property records,Baseline documentation
1969-02-05,[1969_02_05_Screenshot_2150_v2.png](https://github.com/tdemelle-SiP/bakers_pond/blob/master/Dated%20Documents/1969_02_05_Screenshot_2150_v2.png),‚ö™ color,Screenshot documentation,Visual record,Supporting documentation
2000-07-27,[2000_07_27 Quitclaim Deed Lot 2B.pdf](https://github.com/tdemelle-SiP/bakers_pond/blob/master/Dated%20Documents/2000_07_27%20Quitclaim%20Deed%20Lot%202B.pdf),üü° critical,Property transfer via quitclaim deed for Lot 2B,Establishes ownership of development parcel,Sets stage for future development attempts
2001-04-23,[2001_04_23 338-0303 Review Lot 2B Mill St.pdf](https://github.com/tdemelle-SiP/bakers_pond/blob/master/Dated%20Documents/2001_04_23%20338-0303%20Review%20Lot%202B%20Mill%20St.pdf),üü° critical,DEP Review under file #338-0303,First DEP involvement with property,Early regulatory engagement
2014-10-01,[2014_10 GEC Boundary Delineation.png](https://github.com/tdemelle-SiP/bakers_pond/blob/master/Dated%20Documents/2014_10%20GEC%20Boundary%20Delineation.png),üîµ formality,GEC wetland boundary delineation image,Professional delineation documentation,Establishes consultant's view of wetlands
2014-10-27,[‚ùå 2014_10_27_MISSING_Wetland_Delineation_Plan_GLM_Engineering.txt](https://github.com/tdemelle-SiP/bakers_pond/blob/master/Dated%20Documents/2014_10_27_MISSING_Wetland_Delineation_Plan_GLM_Engineering.txt),üü° critical,"RDA submission by GLM Engineering of Hopkinton, ALL DOCUMENTS MISSING",Initial attempt to establish wetland boundaries,Developer's opening move to minimize regulated areas
2014-11-14,[‚ùå 2014_11_14_MISSING_ANRAD_Application_DEP_338-0594.txt](https://github.com/tdemelle-SiP/bakers_pond/blob/master/Dated%20Documents/2014_11_14_MISSING_ANRAD_Application_DEP_338-0594.txt),üü° critical,ANRAD Application filed with DEP #338-0594,Formal request for wetland boundary confirmation,Attempt to lock in favorable delineation before development
2015-09-04,[‚ùå 2015_09_04_MISSING_First_GEC_Site_Visit.txt](https://github.com/tdemelle-SiP/bakers_pond/blob/master/Dated%20Documents/2015_09_04_MISSING_First_GEC_Site_Visit.txt),üü° critical,First GEC site visit for peer review,Town hires consultant to verify delineation,WCC not trusting developer's submission
2015-10-07,[‚ùå 2015_10_07_MISSING_Second_GEC_Site_Visit.txt](https://github.com/tdemelle-SiP/bakers_pond/blob/master/Dated%20Documents/2015_10_07_MISSING_Second_GEC_Site_Visit.txt),üü° critical,Second GEC site visit,Additional peer review inspection,Thorough review suggests problems found
2015-10-21,[‚ùå 2015_10_21_MISSING_WCC_Hearing_GEC_Peer_Review_Presentation.txt](https://github.com/tdemelle-SiP/bakers_pond/blob/master/Dated%20Documents/2015_10_21_MISSING_WCC_Hearing_GEC_Peer_Review_Presentation.txt),üü° critical,"GEC presents findings: dam 60 years old, Mill Brook is perennial, potential vernal pools",Peer review contradicts developer's claims,Major problems identified with application
2015-10-28,[2015_10_28 Conservation Commission minutes 20151028.pdf](https://github.com/tdemelle-SiP/bakers_pond/blob/master/Dated%20Documents/2015_10_28%20Conservation%20Commission%20minutes%2015151028.pdf),üü° critical,"WCC unanimously finds delineation inaccurate with 5-10 foot differences; Goddard withdraws from town bylaw review",Developer retreats to state-only jurisdiction,Strategic withdrawal to avoid local authority
2015-11-09,[‚ùå 2015_11_09_MISSING_WCC_ORAD_Issuance.txt](https://github.com/tdemelle-SiP/bakers_pond/blob/master/Dated%20Documents/2015_11_09_MISSING_WCC_ORAD_Issuance.txt),üü° critical,WCC issues ORAD finding BVW delineation inaccurate and Mill Brook as perennial stream,Formal determination against developer,Perennial stream means much larger buffer zones
2015-11-20,[‚ùå 2015_11_20_MISSING_Delapa_ORAD_Appeal.txt](https://github.com/tdemelle-SiP/bakers_pond/blob/master/Dated%20Documents/2015_11_20_MISSING_Delapa_ORAD_Appeal.txt),üü° critical,"Delapa appeals claiming intermittent stream based on 4 photos from Sept 2014 (photos not in appeal)",Challenges perennial stream determination,Weak appeal - missing key evidence
2015-12-09,[2015_12_09 Consevation Commission minutes.pdf](https://github.com/tdemelle-SiP/bakers_pond/blob/master/Dated%20Documents/2015_12_09%20Consevation%20Commission%20minutes.pdf),üîµ formality,Attorney Watsky requests dealing with town attorney directly,Escalation to legal counsel,Signals coming litigation
2015-12-16,[‚ùå 2015_12_16_MISSING_MassDEP_Site_Visit.txt](https://github.com/tdemelle-SiP/bakers_pond/blob/master/Dated%20Documents/2015_12_16_MISSING_MassDEP_Site_Visit.txt),üü° critical,MassDEP conducts site visit (2 additional visits dates unknown),State begins own review,DEP taking appeal seriously
2016-01-13,[2016_01_13 Conservation Commssion minutes .pdf](https://github.com/tdemelle-SiP/bakers_pond/blob/master/Dated%20Documents/2016_01_13%20Conservation%20Commssion%20minutes%20.pdf),üü° critical,Goddard attorney threatens Superior Court if bylaw review not removed; Watsky states suit filed,Legal threats escalate,Aggressive legal strategy to intimidate
2016-01-20,[‚ùå 2016_01_20_MISSING_Plan_of_Land_44_Mill_St_Hoyt_Surveying.txt](https://github.com/tdemelle-SiP/bakers_pond/blob/master/Dated%20Documents/2016_01_20_MISSING_Plan_of_Land_44_Mill_St_Hoyt_Surveying.txt),üîµ formality,Survey plan by Hoyt Land Surveying for 44 Mill St,Property survey documentation,Preparing for subdivision attempt
2016-01-27,[2016_01_27 GEC Evaluation.pdf](https://github.com/tdemelle-SiP/bakers_pond/blob/master/Dated%20Documents/2016_01_27%20GEC%20Evaluation.pdf),üü° critical,"GEC evaluation confirms dam 60 years old, Mill Brook perennial, potential vernal pools",Technical evaluation supports WCC position,Peer review validates town's concerns
2016-02-02,[‚ùå 2016_02_02_MISSING_ANR_Plan_44_Mill_St_Filed.txt](https://github.com/tdemelle-SiP/bakers_pond/blob/master/Dated%20Documents/2016_02_02_MISSING_ANR_Plan_44_Mill_St_Filed.txt),üü° critical,ANR Plan for 44 Mill St (Map 28 Lot 14) filed with Town Clerk,Attempt to create buildable lot without subdivision,Trying to bypass subdivision requirements
2016-02-09,[‚ùå 2016_02_09_MISSING_Planning_Board_Meeting_Minutes_ANR_Review.txt](https://github.com/tdemelle-SiP/bakers_pond/blob/master/Dated%20Documents/2016_02_09_MISSING_Planning_Board_Meeting_Minutes_ANR_Review.txt),üü° critical,Planning Board reviews ANR application,Initial review of subdivision attempt,Town scrutinizing the application
2016-02-11,[2016_02_11 Planning Board letter RE ANR.pdf](https://github.com/tdemelle-SiP/bakers_pond/blob/master/Dated%20Documents/2016_02_11%20Planning%20Board%20letter%20RE%20ANR.pdf),üü° critical,ANR declared incomplete - vital access not demonstrated,Planning Board finds deficiencies,First roadblock to subdivision
2016-02-11,[‚ùå 2016_02_11_MISSING_Further_ANR_Materials_Submitted.txt](https://github.com/tdemelle-SiP/bakers_pond/blob/master/Dated%20Documents/2016_02_11_MISSING_Further_ANR_Materials_Submitted.txt),üîµ formality,Applicant submits additional materials same day,Quick response to deficiency notice,Trying to salvage ANR approval
2016-02-23,[‚ùå 2016_02_23_MISSING_Planning_Board_Meeting_Minutes_ANR_Denial.txt](https://github.com/tdemelle-SiP/bakers_pond/blob/master/Dated%20Documents/2016_02_23_MISSING_Planning_Board_Meeting_Minutes_ANR_Denial.txt),üü° critical,Planning Board determines land constitutes subdivision - ANR not endorsed,Formal denial of ANR status,Major setback - must go through full subdivision
2016-02-24,[2016_02_24 Nora Loughnane Planning Board Letter.pdf](https://github.com/tdemelle-SiP/bakers_pond/blob/master/Dated%20Documents/2016_02_24%20Nora%20Loughnane%20Planning%20Board%20Letter.pdf),üîµ formality,Correspondence from Nora Loughnane to Planning Board,Public participation in process,Community engagement in opposition
2016-03-19,[2016_03_19-21 DeMelle - Catrone - Dam Ownership](https://github.com/tdemelle-SiP/bakers_pond/blob/master/Dated%20Documents/2016_03_19-21%20DeMelle%20-%20Catrone%20-%20Dam%20Ownership),üü£ b/g communication,Email exchange about dam ownership,Clarifying ownership responsibilities,Dam becomes leverage point
2016-04-29,[2016_04_29 Buckley to Abutters](https://github.com/tdemelle-SiP/bakers_pond/blob/master/Dated%20Documents/2016_04_29%20Buckley%20to%20Abutters),üîµ formality,Notice to abutters from attorney Buckley,Required legal notifications,Following procedural requirements
2016-06-13,[‚ùå 2016_06_13_MISSING_Revised_Plan.txt](https://github.com/tdemelle-SiP/bakers_pond/blob/master/Dated%20Documents/2016_06_13_MISSING_Revised_Plan.txt),üîµ formality,Revised plan submitted,Response to previous comments,Continuing permit pursuit
2016-08-25,[2016_08_25 SOC_highlighted.pdf](https://github.com/tdemelle-SiP/bakers_pond/blob/master/Dated%20Documents/2016_08_25%20SOC_highlighted.pdf),üü° critical,DEP Superseding Order of Conditions with highlights,Key provisions emphasized,Important sections marked
2016-08-25,[2016_08_25_SOC.pdf](https://github.com/tdemelle-SiP/bakers_pond/blob/master/Dated%20Documents/2016_08_25_SOC.pdf),üü° critical,"DEP denies SORAD - Mill Brook confirmed perennial, site in wellhead protection area",State confirms WCC findings on stream,But opens door for future development with conditions
2016-08-25,[2016_08_25_WPA_Form_4B_Scanned.pdf](https://github.com/tdemelle-SiP/bakers_pond/blob/master/Dated%20Documents/2016_08_25_WPA_Form_4B_Scanned.pdf),üîµ formality,Wetlands Protection Act form,Standard regulatory filing,Administrative requirement
2016-08-30,[2016_08_30 Buckley to Abutters](https://github.com/tdemelle-SiP/bakers_pond/blob/master/Dated%20Documents/2016_08_30%20Buckley%20to%20Abutters),üîµ formality,Follow-up notice to abutters,Continued notifications,Maintaining legal requirements
2016-09-15,[‚ùå 2016_09_15_MISSING_DEP_Appeal_Document.txt](https://github.com/tdemelle-SiP/bakers_pond/blob/master/Dated%20Documents/2016_09_15_MISSING_DEP_Appeal_Document.txt),üü° critical,Delapa appeals DEP decision,Challenging state determination,Not accepting DEP findings
2016-09-19,[2016_09_19-20 Buckley - Catrone - Palmer](https://github.com/tdemelle-SiP/bakers_pond/blob/master/Dated%20Documents/2016_09_19-20%20Buckley%20-%20Catrone%20-%20Palmer),üü£ b/g communication,Multi-party email correspondence,Coordination between parties,Behind-scenes negotiations
2016-10-20,[2016_10_20 #338-0594 DEP FORAD.pdf](https://github.com/tdemelle-SiP/bakers_pond/blob/master/Dated%20Documents/2016_10_20%20%23338-0594%20DEP%20FORAD.pdf),üü° critical,DEP issues Final Order of Resource Area Delineation,Legally binding wetland boundaries,Developer partially wins - gets defined boundaries
2016-11-09,[‚ùå 2016_11_09_MISSING_Executive_Session_Minutes.txt](https://github.com/tdemelle-SiP/bakers_pond/blob/master/Dated%20Documents/2016_11_09_MISSING_Executive_Session_Minutes.txt),üî¥ privileged,WCC executive session,Private deliberations on strategy,Settlement discussions begin
2016-11-10,[‚ùå 2016_11_10_MISSING_Settlement_Agreement_Watsky.txt](https://github.com/tdemelle-SiP/bakers_pond/blob/master/Dated%20Documents/2016_11_10_MISSING_Settlement_Agreement_Watsky.txt),üî¥ privileged,Settlement agreement with attorney Watsky,Legal resolution attempt,First settlement effort
2016-11-21,[‚ùå 2016_11_21_MISSING_Settlement_Agreement_Worrall.txt](https://github.com/tdemelle-SiP/bakers_pond/blob/master/Dated%20Documents/2016_11_21_MISSING_Settlement_Agreement_Worrall.txt),üî¥ privileged,Settlement agreement with Worrall,Another party settlement,Multiple settlements needed
2016-12-19,[2016_12_19 delapawet2016-022fd_OCR.pdf](https://github.com/tdemelle-SiP/bakers_pond/blob/master/Dated%20Documents/2016_12_19%20delapawet2016-022fd_OCR.pdf),üü° critical,Delapa wetlands filing document,Formal wetlands application,Moving forward despite appeals
2016-12-19,[‚ùå 2016_12_19_MISSING_DEP_Final_Decision_FORAD.txt](https://github.com/tdemelle-SiP/bakers_pond/blob/master/Dated%20Documents/2016_12_19_MISSING_DEP_Final_Decision_FORAD.txt),üü° critical,"DEP Final Decision issuing FORAD, expires Dec 19 2022 with extension",Final boundaries set with time limit,Clock starts ticking for development
2016-12-19,[‚ùå 2016_12_19_MISSING_DEP_Docket_WET-2016_022.txt](https://github.com/tdemelle-SiP/bakers_pond/blob/master/Dated%20Documents/2016_12_19_MISSING_DEP_Docket_WET-2016_022.txt),üü° critical,DEP Docket No. WET-2016_022,Official case number,Administrative tracking
2016-12-19,[‚ùå 2016_12_19_MISSING_DEP_File_SORAD_338-0594.txt](https://github.com/tdemelle-SiP/bakers_pond/blob/master/Dated%20Documents/2016_12_19_MISSING_DEP_File_SORAD_338-0594.txt),üü° critical,File No. SORAD/338-0594,SORAD file reference,Key file for appeals
2017-01-11,[2017_01_11 Conservation Commission Minutes.pdf](https://github.com/tdemelle-SiP/bakers_pond/blob/master/Dated%20Documents/2017_01_11%20Conservation%20Commission%20Minutes.pdf),üîµ formality,"Commission signs ORAD for bylaw approval per 11/9/16 Executive Session agreement",Formalizing settlement terms,WCC following through on agreement
2018-11-02,[2018_11_02_Site_Plan.pdf](https://github.com/tdemelle-SiP/bakers_pond/blob/master/Dated%20Documents/2018_11_02_Site_Plan.pdf),üîµ formality,New site plan developed,Updated development proposal,Preparing for next attempt
2019-12-17,[2019_12_17 FORAD filing.pdf](https://github.com/tdemelle-SiP/bakers_pond/blob/master/Dated%20Documents/2019_12_17%20FORAD%20filing.pdf),üü° critical,FORAD filing documentation,Maintaining active permits,Keeping options open
2019-12-17,[‚ùå 2019_12_17_MISSING_DEP_338-0594_FORAD_True_Copy_Rachel_Freed.txt](https://github.com/tdemelle-SiP/bakers_pond/blob/master/Dated%20Documents/2019_12_17_MISSING_DEP_338-0594_FORAD_True_Copy_Rachel_Freed.txt),üîµ formality,Rachel Freed attests FORAD is true copy in DEP file,Administrative certification,Preparing for extension
2019-12-24,[2019_12_24 #338-0594 Extension Permit for FORAD.pdf](https://github.com/tdemelle-SiP/bakers_pond/blob/master/Dated%20Documents/2019_12_24%20%23338-0594%20Extension%20Permit%20for%20FORAD.pdf),üîµ formality,FORAD extension permit to Dec 19 2022,Extends time to develop,Buying more time
2020-03-19,[2020_03_19 Delapa NOI.pdf](https://github.com/tdemelle-SiP/bakers_pond/blob/master/Dated%20Documents/2020_03_19%20Delapa%20NOI.pdf),üü° critical,Delapa files Notice of Intent,New development application,Starting formal permit process
2020-04-03,[2020_04_03 Mass Covid Extension - Chapter 53.pdf](https://github.com/tdemelle-SiP/bakers_pond/blob/master/Dated%20Documents/2020_04_03%20Mass%20Covid%20Extension%20-%20Chapter%2053.pdf),üîµ formality,COVID-19 deadline extensions,Automatic permit extensions,Pandemic provides more time
2020-04-07,[2020_04_07_Vinci_Quitclaim_Deed.pdf](https://github.com/tdemelle-SiP/bakers_pond/blob/master/Dated%20Documents/2020_04_07_Vinci_Quitclaim_Deed.pdf),üü° critical,Property transferred to Vinci via quitclaim,New owner takes over project,Fresh face for negotiations
2020-04-13,[2020_04_13 Vinci - Board of Assessors - Notice of intent.pdf](https://github.com/tdemelle-SiP/bakers_pond/blob/master/Dated%20Documents/2020_04_13%20Vinci%20-%20Board%20of%20Assessors%20-%20Notice%20of%20intent.pdf),üîµ formality,Vinci notifies Board of Assessors,Tax assessment implications,Administrative requirements
2020-04-15,[2020_04_15 Tim McGuire Abutters List.pdf](https://github.com/tdemelle-SiP/bakers_pond/blob/master/Dated%20Documents/2020_04_15%20Tim%20McGuire%20Abutters%20List.pdf),üîµ formality,List of property abutters,Required for notifications,Procedural requirement
2020-05-01,[2020_05 WCC Filing Fee Schedule.pdf](https://github.com/tdemelle-SiP/bakers_pond/blob/master/Dated%20Documents/2020_05%20WCC%20Filing%20Fee%20Schedule.pdf),üîµ formality,WCC fee schedule,Cost of applications,Administrative information
2020-05-11,[2020_05_11 Delapa 335-5 NOI Checks.pdf](https://github.com/tdemelle-SiP/bakers_pond/blob/master/Dated%20Documents/2020_05_11%20Delapa%20335-5%20NOI%20Checks.pdf),üîµ formality,Filing fee payment checks,Paying required fees,Meeting financial obligations
2020-05-11,[2020_05_11 Delapa NOI Wetland Fee Transmittal Form.pdf](https://github.com/tdemelle-SiP/bakers_pond/blob/master/Dated%20Documents/2020_05_11%20Delapa%20NOI%20Wetland%20Fee%20Transmittal%20Form.pdf),üîµ formality,Fee transmittal documentation,Administrative paperwork,Procedural compliance
2020-06-18,[2020_06_18 Tim McGuire Affadavit of Service to Abutters.pdf](https://github.com/tdemelle-SiP/bakers_pond/blob/master/Dated%20Documents/2020_06_18%20Tim%20McGuire%20Affadavit%20of%20Service%20to%20Abutters.pdf),üîµ formality,Proof of abutter notification,Legal requirement met,Avoiding procedural challenges
2020-06-18,[2020_06_18_Goddard_NOI_Original_Vinci #338-0594.pdf](https://github.com/tdemelle-SiP/bakers_pond/blob/master/Dated%20Documents/2020_06_18_Goddard_NOI_Original_Vinci%20%23338-0594.pdf),üü° critical,Goddard files NOI for Vinci property,Formal development application,Engineer representing new owner
2020-07-06,[2020_07_06 email from Kerry Snyder .pdf](https://github.com/tdemelle-SiP/bakers_pond/blob/master/Dated%20Documents/2020_07_06%20email%20from%20Kerry%20Snyder%20.pdf),üü£ b/g communication,Email from Kerry Snyder,Correspondence about project,Community input
2020-07-08,[2020_07_08 Minutes  Conservation Commission.pdf](https://github.com/tdemelle-SiP/bakers_pond/blob/master/Dated%20Documents/2020_07_08%20Minutes%20%20Conservation%20Commission.pdf),üü° critical,WCC reviews NOI and orders peer review,Commission requires independent review,Not accepting application at face value
2020-09-09,[‚ùå 2020_09_09_MISSING_ConCom_Minutes_Peer_Review_Ordered.txt](https://github.com/tdemelle-SiP/bakers_pond/blob/master/Dated%20Documents/2020_09_09_MISSING_ConCom_Minutes_Peer_Review_Ordered.txt),üü° critical,WCC formally orders peer review (wrong document on town site),Independent evaluation required,Town maintaining scrutiny
2020-10-08,[2020_10_08_GEC_Donahoe_Review_Summary.pdf](https://github.com/tdemelle-SiP/bakers_pond/blob/master/Dated%20Documents/2020_10_08_GEC_Donahoe_Review_Summary.pdf),üü° critical,GEC/Donahoe peer review summary,Professional evaluation findings,Independent review results
2020-10-13,[2020_10_13 Goddard to Catrone.pdf](https://github.com/tdemelle-SiP/bakers_pond/blob/master/Dated%20Documents/2020_10_13%20Goddard%20to%20Catrone.pdf),üü£ b/g communication,Goddard email to WCC administrator,Direct communication attempt,Working the relationships
2020-10-14,[2020_10_14 WCC Hearing Continued.txt](https://github.com/tdemelle-SiP/bakers_pond/blob/master/Dated%20Documents/2020_10_14%20WCC%20Hearing%20Continued.txt),üîµ formality,Hearing continuation notice,More time needed for review,Process extending
2020-10-27,[2020_10_27_Response_to_Peer_Review_Comments.pdf](https://github.com/tdemelle-SiP/bakers_pond/blob/master/Dated%20Documents/2020_10_27_Response_to_Peer_Review_Comments.pdf),üü° critical,Applicant responds to peer review,Addressing technical concerns,Attempting to satisfy critics
2020-10-28,[2020_10_28 Minutes  Conservation Commission.pdf](https://github.com/tdemelle-SiP/bakers_pond/blob/master/Dated%20Documents/2020_10_28%20Minutes%20%20Conservation%20Commission.pdf),üîµ formality,WCC meeting minutes,Regular proceedings,Ongoing review
2020-11-18,[2020_11_18 Nora Loughnane email to Catrone.pdf](https://github.com/tdemelle-SiP/bakers_pond/blob/master/Dated%20Documents/2020_11_18%20Nora%20Loughnane%20email%20to%20Catrone.pdf),üü£ b/g communication,Public input to WCC,Community participation,Opposition organizing
2020-11-18,[2020_11_18 Plot Sale Record - Salvatore - Delapa.pdf](https://github.com/tdemelle-SiP/bakers_pond/blob/master/Dated%20Documents/2020_11_18%20Plot%20Sale%20Record%20-%20Salvatore%20-%20Delapa.pdf),üü° critical,Property sale record Salvatore to Delapa,Chain of title documentation,Establishing ownership history
2020-11-18,[2020_11_18 WCC Hearing Continued.pdf](https://github.com/tdemelle-SiP/bakers_pond/blob/master/Dated%20Documents/2020_11_18%20WCC%20Hearing%20Continued.pdf),üîµ formality,Another hearing continuation,Extended review process,Deliberate pace
2020-12-14,[2020_12_14_GEC_Donahoe_Review_Comments.pdf](https://github.com/tdemelle-SiP/bakers_pond/blob/master/Dated%20Documents/2020_12_14_GEC_Donahoe_Review_Comments.pdf),üü° critical,Detailed peer review comments,Specific technical concerns,Substantive issues identified
2021-01-01,[2021 Goddard Continuation Requests.pdf](https://github.com/tdemelle-SiP/bakers_pond/blob/master/Dated%20Documents/2021%20Goddard%20Continuation%20Requests.pdf),üîµ formality,Multiple continuation requests by Goddard,Applicant buying time,Strategy to wear down opposition
2021-01-04,[2021_01_04 Enviro Analysis Follow up Email from Brian Donahoe.pdf](https://github.com/tdemelle-SiP/bakers_pond/blob/master/Dated%20Documents/2021_01_04%20Enviro%20Analysis%20Follow%20up%20Email%20from%20Brian%20Donahoe.pdf),üü£ b/g communication,Peer reviewer follow-up,Additional technical input,Ongoing concerns
2021-01-27,[2021_01_27 WCC Hearing Continued.pdf](https://github.com/tdemelle-SiP/bakers_pond/blob/master/Dated%20Documents/2021_01_27%20WCC%20Hearing%20Continued.pdf),üîµ formality,Hearing continuation,Process continues,Long review
2021-02-10,[2021_02_10 WCC Hearing Continued.pdf](https://github.com/tdemelle-SiP/bakers_pond/blob/master/Dated%20Documents/2021_02_10%20WCC%20Hearing%20Continued.pdf),üîµ formality,Another continuation,Extensive review,Thorough process
2021-02-24,[2021_02_24 WCC Hearing Contnued.pdf](https://github.com/tdemelle-SiP/bakers_pond/blob/master/Dated%20Documents/2021_02_24%20WCC%20Hearing%20Contnued.pdf),üîµ formality,Continued again,Pattern continues,Wearing process
2021-03-10,[2021_03_10 Delapa Site Plan.pdf](https://github.com/tdemelle-SiP/bakers_pond/blob/master/Dated%20Documents/2021_03_10%20Delapa%20Site%20Plan.pdf),üîµ formality,Updated site plan submitted,Revised proposal,Addressing concerns
2021-03-10,[2021_03_10 WCC Hearing Continued.pdf](https://github.com/tdemelle-SiP/bakers_pond/blob/master/Dated%20Documents/2021_03_10%20WCC%20Hearing%20Continued.pdf),üü° critical,WCC requires re-notification of abutters due to many continuations,Process reset due to delays,16 continuances trigger re-notice
2021-03-19,[2021_03_19 Delapa - Goddard Property owner Application Authorizatoin.pdf](https://github.com/tdemelle-SiP/bakers_pond/blob/master/Dated%20Documents/2021_03_19%20Delapa%20-%20Goddard%20Property%20owner%20Application%20Authorizatoin.pdf),üîµ formality,Authorization for Goddard to represent Delapa,Formalizing representation,Legal housekeeping
2021-03-19,[2021_03_19 Delapa Notice of Intent Form 3.pdf](https://github.com/tdemelle-SiP/bakers_pond/blob/master/Dated%20Documents/2021_03_19%20Delapa%20Notice%20of%20Intent%20Form%203.pdf),üü° critical,NOI Form 3 submission,Updated application,Formal filing
2021-03-19,[2021_03_19 Goddard Response to GEC Review.pdf](https://github.com/tdemelle-SiP/bakers_pond/blob/master/Dated%20Documents/2021_03_19%20Goddard%20Response%20to%20GEC%20Review.pdf),üü° critical,Response to peer review comments,Addressing technical concerns,Attempting compliance
2021-03-22,[2021_03_22_Goddard_NOI_Revised_DEP_338-0706.pdf](https://github.com/tdemelle-SiP/bakers_pond/blob/master/Dated%20Documents/2021_03_22_Goddard_NOI_Revised_DEP_338-0706.pdf),üü° critical,Revised NOI with new DEP file #338-0706,New filing number assigned,Fresh start attempt
2021-03-24,[2021_03_24 WCC Hearing Continued - Abutters not notified.pdf](https://github.com/tdemelle-SiP/bakers_pond/blob/master/Dated%20Documents/2021_03_24%20WCC%20Hearing%20Continued%20-%20Abutters%20not%20notified.pdf),üü° critical,Hearing continued due to notification failure,Procedural error by applicant,Another delay from mistake
2021-04-26,[2021_04_26 Catrone email to Donahoe.pdf](https://github.com/tdemelle-SiP/bakers_pond/blob/master/Dated%20Documents/2021_04_26%20Catrone%20email%20to%20Donahoe.pdf),üü£ b/g communication,WCC administrator to peer reviewer,Coordination on review,Behind scenes work
2021-05-01,[2021_05 AY TD emails.pdf](https://github.com/tdemelle-SiP/bakers_pond/blob/master/Dated%20Documents/2021_05%20AY%20TD%20emails.pdf),üü£ b/g communication,Email exchanges between parties,Various communications,Multiple conversations
2021-05-05,[2021_05_05 Minutes  Conservation Commission.pdf](https://github.com/tdemelle-SiP/bakers_pond/blob/master/Dated%20Documents/2021_05_05%20Minutes%20%20Conservation%20Commission.pdf),üîµ formality,WCC meeting minutes,Regular proceedings,Ongoing review
2021-05-06,[2021_05_06 Ahearn reply to Catrone re AY.pdf](https://github.com/tdemelle-SiP/bakers_pond/blob/master/Dated%20Documents/2021_05_06%20Ahearn%20reply%20to%20Catrone%20re%20AY.pdf),üü£ b/g communication,Internal WCC communications,Staff coordination,Administrative matters
2021-05-06,[2021_05_06 AY email to Catrone.pdf](https://github.com/tdemelle-SiP/bakers_pond/blob/master/Dated%20Documents/2021_05_06%20AY%20email%20to%20Catrone.pdf),üü£ b/g communication,Email to WCC administrator,Various correspondence,Ongoing dialogue
2021-05-25,[2021_05_25 Buckley email.pdf](https://github.com/tdemelle-SiP/bakers_pond/blob/master/Dated%20Documents/2021_05_25%20Buckley%20email.pdf),üü£ b/g communication,Attorney Buckley correspondence,Legal communication,Strategic planning
2021-05-26,[2021_05_26 WCC Hearing Continued.pdf](https://github.com/tdemelle-SiP/bakers_pond/blob/master/Dated%20Documents/2021_05_26%20WCC%20Hearing%20Continued.pdf),üîµ formality,Another hearing continuation,Process extends,More delays
2021-06-08,[2021_06_08 email from Nora Lougnane.pdf](https://github.com/tdemelle-SiP/bakers_pond/blob/master/Dated%20Documents/2021_06_08%20email%20from%20Nora%20Lougnane.pdf),üü£ b/g communication,Public input email,Community participation,Opposition voice
2021-06-09,[2021_06_09 Nora Loughnane email.pdf](https://github.com/tdemelle-SiP/bakers_pond/blob/master/Dated%20Documents/2021_06_09%20Nora%20Loughnane%20email.pdf),üü£ b/g communication,Follow-up public input,Continued opposition,Active community member
2021-06-09,[2021_06_09 WCC Hearing Continued.pdf](https://github.com/tdemelle-SiP/bakers_pond/blob/master/Dated%20Documents/2021_06_09%20WCC%20Hearing%20Continued.pdf),üîµ formality,Hearing continuation,Ongoing process,Extended timeline
2021-07-03,[2021_07_03 Delapa NOI Form 3 Revision.pdf](https://github.com/tdemelle-SiP/bakers_pond/blob/master/Dated%20Documents/2021_07_03%20Delapa%20NOI%20Form%203%20Revision.pdf),üü° critical,Revised NOI Form 3 with July 3 2021 date,Updated application materials,Final revision attempt
2021-07-03,[2021_07_03 Delapa Revised Site Plan.pdf](https://github.com/tdemelle-SiP/bakers_pond/blob/master/Dated%20Documents/2021_07_03%20Delapa%20Revised%20Site%20Plan.pdf),üîµ formality,Revised site plan dated July 3 2021,Updated design,Addressing concerns
2021-07-28,[2021_07_28 WCC Hearing Continued.pdf](https://github.com/tdemelle-SiP/bakers_pond/blob/master/Dated%20Documents/2021_07_28%20WCC%20Hearing%20Continued.pdf),üîµ formality,Another continuation,Process drags on,Testing patience
2021-09-08,[2021_09_08 Goddard response to GEC Review.jpg](https://github.com/tdemelle-SiP/bakers_pond/blob/master/Dated%20Documents/2021_09_08%20Goddard%20response%20to%20GEC%20Review.jpg),üü° critical,Response to peer review (image format),Technical responses,Addressing concerns
2021-09-08,[2021_09_08 WCC Hearing Continued.pdf](https://github.com/tdemelle-SiP/bakers_pond/blob/master/Dated%20Documents/2021_09_08%20WCC%20Hearing%20Continued.pdf),üîµ formality,Continuation continues,Long process,Deliberate pace
2021-10-08,[2021_10_08 Goddard Revised NOI Site Plan.pdf](https://github.com/tdemelle-SiP/bakers_pond/blob/master/Dated%20Documents/2021_10_08%20Goddard%20Revised%20NOI%20Site%20Plan.pdf),üîµ formality,Another revised site plan,Continued adjustments,Fine-tuning proposal
2021-10-13,[2021_10_13 Minutes  Conservation Commission.pdf](https://github.com/tdemelle-SiP/bakers_pond/blob/master/Dated%20Documents/2021_10_13%20Minutes%20%20Conservation%20Commission.pdf),üîµ formality,WCC meeting minutes,Regular proceedings,Standard business
2021-10-18,[2021_10_18 Delapa Withdrawal of NOI from Town Bylaws.pdf](https://github.com/tdemelle-SiP/bakers_pond/blob/master/Dated%20Documents/2021_10_18%20Delapa%20Withdrawal%20of%20NOI%20from%20Town%20Bylaws.pdf),üü° critical,Delapa withdraws NOI from town bylaw review only,Strategic retreat to state jurisdiction,Avoiding local authority again
2021-10-27,[2021_10_27 WCC Hearing Continued - Mr Stephen David recuses himself.pdf](https://github.com/tdemelle-SiP/bakers_pond/blob/master/Dated%20Documents/2021_10_27%20WCC%20Hearing%20Continued%20-%20Mr%20Stephen%20David%20recuses%20himself.pdf),üü° critical,Commissioner Stephen David recuses himself,Conflict of interest revealed,Procedural complication
2021-11-10,[2021_11_10 Minutes  Conservation Commission.pdf](https://github.com/tdemelle-SiP/bakers_pond/blob/master/Dated%20Documents/2021_11_10%20Minutes%20%20Conservation%20Commission.pdf),üü° critical,WCC meeting where denial decision made,Hearing closed after 16 continuances,Commission reaches conclusion
2021-11-17,[2021_11_17_Order_of_Conditions_Denial #338-0706 - #438-0706.pdf](https://github.com/tdemelle-SiP/bakers_pond/blob/master/Dated%20Documents/2021_11_17_Order_of_Conditions_Denial%20%23338-0706%20-%20%23438-0706.pdf),üü° critical,"WCC denies OOC finding project cannot meet performance standards, cites 550 sq ft wetland fill",Formal denial based on environmental impact,Town stands firm on protection
2021-11-18,[2021_11_18 WCC Denial of NoI.pdf](https://github.com/tdemelle-SiP/bakers_pond/blob/master/Dated%20Documents/2021_11_18%20WCC%20Denial%20of%20NoI.pdf),üü° critical,Formal WCC denial document,Official rejection,Clear no from town
2021-11-30,[2021_11_30 Goddard DEP SOC Request.jpg](https://github.com/tdemelle-SiP/bakers_pond/blob/master/Dated%20Documents/2021_11_30%20Goddard%20DEP%20SOC%20Request.jpg),üü° critical,"Appeal to DEP claiming project meets standards with 700 sq ft replication for 550 sq ft fill",Seeks state override of local denial,Predictable appeal to state
2021-12-15,[2021_12_15 DEP Site Inspection Notice.pdf](https://github.com/tdemelle-SiP/bakers_pond/blob/master/Dated%20Documents/2021_12_15%20DEP%20Site%20Inspection%20Notice.pdf),üü° critical,DEP schedules site visit for SOC review,State begins override process,DEP takes appeal seriously
2022-01-06,[‚ùå 2022_01_06_MISSING_DEP_Site_Visit_Notes.txt](https://github.com/tdemelle-SiP/bakers_pond/blob/master/Dated%20Documents/2022_01_06_MISSING_DEP_Site_Visit_Notes.txt),üü° critical,"DEP site visit with applicant, WCC rep, and peer reviewer present",All parties make their case,Critical inspection
2022-01-11,[2022_01_11 DEP letter to Delapa.pdf](https://github.com/tdemelle-SiP/bakers_pond/blob/master/Dated%20Documents/2022_01_11%20DEP%20letter%20to%20Delapa.pdf),üü° critical,DEP requests quantification of BLSF impacts and flood storage per 310 CMR 10.57(4),Technical requirements specified,DEP doing due diligence
2022-01-12,[2022_01_12_Case Details - Massachusetts Trial Court N3.pdf](https://github.com/tdemelle-SiP/bakers_pond/blob/master/Dated%20Documents/2022_01_12_Case%20Details%20-%20Massachusetts%20Trial%20Court%20N3.pdf),üü° critical,Court case filing details,Litigation tracking,Legal process begins
2022-01-12,[2022_01_12_DelapavsWCC_Docket001_OCR2.pdf](https://github.com/tdemelle-SiP/bakers_pond/blob/master/Dated%20Documents/2022_01_12_DelapavsWCC_Docket001_OCR2.pdf),üü° critical,Delapa files lawsuit against WCC,Parallel legal pressure during appeal,Two-front attack
2022-01-12,[2022_01_12_DelapavsWCC_Docket002_OCR2.pdf](https://github.com/tdemelle-SiP/bakers_pond/blob/master/Dated%20Documents/2022_01_12_DelapavsWCC_Docket002_OCR2.pdf),üü° critical,Court docket entry,Case progresses,Legal proceedings
2022-02-07,[2022_02_07 Legal Negotiation.pdf](https://github.com/tdemelle-SiP/bakers_pond/blob/master/Dated%20Documents/2022_02_07%20Legal%20Negotiation.pdf),üî¥ privileged,Settlement negotiation document,Parties exploring resolution,Behind scenes talks
2022-02-08,[2022_02_08 Goddard Information Request.pdf](https://github.com/tdemelle-SiP/bakers_pond/blob/master/Dated%20Documents/2022_02_08%20Goddard%20Information%20Request.pdf),üîµ formality,"Goddard submits response with revised plans dated Jan 31, 2022",Addressing DEP requirements,Technical compliance
2022-02-23,[‚ùå 2022_02_23_MISSING_DEP_Cut_Fill_Request.txt](https://github.com/tdemelle-SiP/bakers_pond/blob/master/Dated%20Documents/2022_02_23_MISSING_DEP_Cut_Fill_Request.txt),üü° critical,DEP requests cut and fill table as per Jan 11 request,DEP follows up on missing info,Persistence on requirements
2022-02-25,[‚ùå 2022_02_25_MISSING_BLSF_Cut_Fill_Chart.txt](https://github.com/tdemelle-SiP/bakers_pond/blob/master/Dated%20Documents/2022_02_25_MISSING_BLSF_Cut_Fill_Chart.txt),üü° critical,BLSF cut/fill chart submitted,Technical data provided,Meeting requirements
2022-03-07,[2022_03_07 Letter from DEP to Delapa.pdf](https://github.com/tdemelle-SiP/bakers_pond/blob/master/Dated%20Documents/2022_03_07%20Letter%20from%20DEP%20to%20Delapa.pdf),üü° critical,DEP requests clarification on inconsistent floodplain elevations,Technical issues identified,DEP scrutinizing details
2022-03-14,[2022_03_14 Delapa Letter.pdf](https://github.com/tdemelle-SiP/bakers_pond/blob/master/Dated%20Documents/2022_03_14%20Delapa%20Letter.pdf),üîµ formality,"Response with new revised plans dated March 8, 2022",Addressing elevation concerns,Technical corrections
2022-03-21,[2022_03_21 Email Donahoe - Catrone .pdf](https://github.com/tdemelle-SiP/bakers_pond/blob/master/Dated%20Documents/2022_03_21%20Email%20Donahoe%20-%20Catrone%20.pdf),üü£ b/g communication,Peer reviewer and WCC administrator exchange,Technical discussions,Coordination continues
2022-03-28,[2022_03_28 Brian Donahoe - Karon email.pdf](https://github.com/tdemelle-SiP/bakers_pond/blob/master/Dated%20Documents/2022_03_28%20Brian%20Donahoe%20-%20Karon%20email.pdf),üü£ b/g communication,Peer reviewer correspondence,Technical matters,Ongoing review
2022-03-31,[2022_03_31_DelapavsWCC_Docket003_OCR2.pdf](https://github.com/tdemelle-SiP/bakers_pond/blob/master/Dated%20Documents/2022_03_31_DelapavsWCC_Docket003_OCR2.pdf),üü° critical,Court docket entry,Legal proceedings continue,Case development
2022-03-31,[2022_03_31_DelapavsWCC_Docket004_OCR2.pdf](https://github.com/tdemelle-SiP/bakers_pond/blob/master/Dated%20Documents/2022_03_31_DelapavsWCC_Docket004_OCR2.pdf),üü° critical,Court docket entry,Case progresses,Legal pressure
2022-04-01,[2022_04_01 Re Request of Suerpseding Order Letter from Town Counsel.pdf](https://github.com/tdemelle-SiP/bakers_pond/blob/master/Dated%20Documents/2022_04_01%20Re%20Request%20of%20Suerpseding%20Order%20Letter%20from%20Town%20Counsel.pdf),üü° critical,Town Counsel responds to SOC request,Town's legal position stated,Official opposition
2022-04-20,[2022_04_20_DelapavsWCC_Docket005_OCR2.pdf](https://github.com/tdemelle-SiP/bakers_pond/blob/master/Dated%20Documents/2022_04_20_DelapavsWCC_Docket005_OCR2.pdf),üü° critical,Court docket entry,Continued proceedings,Legal timeline
2022-05-06,[2022_05_06_Superseding Order of Conditions.pdf](https://github.com/tdemelle-SiP/bakers_pond/blob/master/Dated%20Documents/2022_05_06_Superseding%20Order%20of%20Conditions.pdf),üü° critical,"DEP issues SOC overruling WCC denial, reserves right to raise additional issues",State overrides local decision again,Developer wins at state level
2022-05-07,[2022_05_07 Note on SOC Covid Extension](https://github.com/tdemelle-SiP/bakers_pond/blob/master/Dated%20Documents/2022_05_07%20Note%20on%20SOC%20Covid%20Extension),üîµ formality,Note on COVID extension for SOC,Administrative matter,Extended timelines
2022-05-19,[2022_05_19 338-0706 Letter from Town Counsel.pdf](https://github.com/tdemelle-SiP/bakers_pond/blob/master/Dated%20Documents/2022_05_19%20338-0706%20Letter%20from%20Town%20Counsel.pdf),üü° critical,Town Counsel responds to SOC issuance,Town's position on override,Considering options
2022-08-14,[2022_08_14_DelapavsWCC_Docket006_OCR2.pdf](https://github.com/tdemelle-SiP/bakers_pond/blob/master/Dated%20Documents/2022_08_14_DelapavsWCC_Docket006_OCR2.pdf),üü° critical,Court docket entry,Case continues,Legal proceedings
2022-08-23,[2022_08_23 Notice - Order of Status Review.pdf](https://github.com/tdemelle-SiP/bakers_pond/blob/master/Dated%20Documents/2022_08_23%20Notice%20-%20Order%20of%20Status%20Review.pdf),üü° critical,Court orders status review,Judge wants update,Pressure for resolution
2022-09-08,[2022_09_08_DelapavsWCC_Docket007_OCR2.pdf](https://github.com/tdemelle-SiP/bakers_pond/blob/master/Dated%20Documents/2022_09_08_DelapavsWCC_Docket007_OCR2.pdf),üü° critical,Court docket entry,Proceedings continue,Case development
2022-09-09,[2022_09_09_DelapavsWCC_Docket008_OCR2.pdf](https://github.com/tdemelle-SiP/bakers_pond/blob/master/Dated%20Documents/2022_09_09_DelapavsWCC_Docket008_OCR2.pdf),üü° critical,Court docket entry,Legal process,Ongoing litigation
2022-09-12,[2022_09_12 letter from Goddard.pdf](https://github.com/tdemelle-SiP/bakers_pond/blob/master/Dated%20Documents/2022_09_12%20letter%20from%20Goddard.pdf),üîµ formality,"Goddard letter proposing dam repair for $25,000 max",Settlement component proposed,Dam repair as bargaining chip
2022-09-12,[2022_09_12 Unsigned Settlement Agreement.pdf](https://github.com/tdemelle-SiP/bakers_pond/blob/master/Dated%20Documents/2022_09_12%20Unsigned%20Settlement%20Agreement.pdf),üî¥ privileged,"Draft settlement: WCC accepts SOC, Delapa repairs dam, new NOI for dam required",Terms taking shape,Compromise emerging
2022-10-26,[2022_10_26_42 Mill Street signed MOU 10-26-2022.pdf](https://github.com/tdemelle-SiP/bakers_pond/blob/master/Dated%20Documents/2022_10_26_42%20Mill%20Street%20signed%20MOU%2010-26-2022.pdf),üü° critical,"Signed MOU: WCC accepts SOC, dam repair required, building permit after dam NOI filed",Settlement executed with conditions,Town extracts dam repair
2022-12-20,[2022_12_20_DelapavsWCC_Docket009_OCR2.pdf](https://github.com/tdemelle-SiP/bakers_pond/blob/master/Dated%20Documents/2022_12_20_DelapavsWCC_Docket009_OCR2.pdf),üü° critical,Court docket entry,Case winding down,Near resolution
2023-01-18,[2023_01_18 WCC Hearing Continued.pdf](https://github.com/tdemelle-SiP/bakers_pond/blob/master/Dated%20Documents/2023_01_18%20WCC%20Hearing%20Continued.pdf),üîµ formality,WCC hearing continuation,New phase begins,Dam proceedings
2023-03-27,[2023_03_27_DelapavsWCC_Docket010_OCR2.pdf](https://github.com/tdemelle-SiP/bakers_pond/blob/master/Dated%20Documents/2023_03_27_DelapavsWCC_Docket010_OCR2.pdf),üü° critical,Court docket entry,Case continues,Legal wrap-up
2023-04-24,[2023_04_24_DelapavsWCC_Docket011_OCR2.pdf](https://github.com/tdemelle-SiP/bakers_pond/blob/master/Dated%20Documents/2023_04_24_DelapavsWCC_Docket011_OCR2.pdf),üü° critical,Court docket entry,Near conclusion,Final stages
2023-04-24,[2023_04_24_DelapavsWCC_Docket012_OCR2.pdf](https://github.com/tdemelle-SiP/bakers_pond/blob/master/Dated%20Documents/2023_04_24_DelapavsWCC_Docket012_OCR2.pdf),üü° critical,Court docket entry - case closure,Litigation dismissed per settlement,Legal pressure ends
2023-05-22,[2023_05_22_Dam_Restoration_Site_Plan_Figure4.pdf](https://github.com/tdemelle-SiP/bakers_pond/blob/master/Dated%20Documents/2023_05_22_Dam_Restoration_Site_Plan_Figure4.pdf),üü° critical,Dam restoration engineering plan Figure 4,Technical plans for dam work,Settlement obligation details
2023-05-23,[2023_05_23_WPA_Form_3_NOI_Dam_Restoration.pdf](https://github.com/tdemelle-SiP/bakers_pond/blob/master/Dated%20Documents/2023_05_23_WPA_Form_3_NOI_Dam_Restoration.pdf),üü° critical,NOI for dam restoration filed per settlement,Fulfilling settlement terms,Required before building permit
2023-05-27,[2023_05_27 DeMelle - Catrone Dam Ownership](https://github.com/tdemelle-SiP/bakers_pond/blob/master/Dated%20Documents/2023_05_27%20DeMelle%20-%20Catrone%20Dam%20Ownership),üü£ b/g communication,Dam ownership discussion continues,Ongoing issue,Leverage point remains
2023-06-14,[2023_06_14_Legal_Notice_Dam_Restoration_Hearing.pdf](https://github.com/tdemelle-SiP/bakers_pond/blob/master/Dated%20Documents/2023_06_14_Legal_Notice_Dam_Restoration_Hearing.pdf),üîµ formality,Public hearing notice for dam restoration,Required public process,Following procedures
2023-06-22,[2023_06_22_DelapavsWCC_Docket013_OCR2.pdf](https://github.com/tdemelle-SiP/bakers_pond/blob/master/Dated%20Documents/2023_06_22_DelapavsWCC_Docket013_OCR2.pdf),üü° critical,Final court docket entry,Case officially closed,Litigation ends
2023-06-28,[2023_06_28 WCC Hearing Continued.pdf](https://github.com/tdemelle-SiP/bakers_pond/blob/master/Dated%20Documents/2023_06_28%20WCC%20Hearing%20Continued.pdf),üîµ formality,Dam restoration hearing continued,Review process begins,New delays start
2023-06-29,[2023_06_29_FOIA_REQUEST FORMALLY FILED](https://github.com/tdemelle-SiP/bakers_pond/blob/master/Dated%20Documents/2023_06_29_FOIA_REQUEST%20FORMALLY%20FILED),üîµ formality,FOIA request filed,Seeking government records,Transparency effort
2023-07-12,[2023_07_12 Minutes  Conservation Commission.pdf](https://github.com/tdemelle-SiP/bakers_pond/blob/master/Dated%20Documents/2023_07_12%20Minutes%20%20Conservation%20Commission.pdf),üîµ formality,WCC meeting minutes,Regular proceedings,Dam review continues
2023-07-26,[2023_07_26 Minutes  Conservation Commission.pdf](https://github.com/tdemelle-SiP/bakers_pond/blob/master/Dated%20Documents/2023_07_26%20Minutes%20%20Conservation%20Commission.pdf),üîµ formality,WCC meeting minutes,Ongoing review,Process continues
2023-09-01,[2023_09_01 - Response-booklet_Mon_Sep_11_2023_09-01-40.pdf](https://github.com/tdemelle-SiP/bakers_pond/blob/master/Dated%20Documents/2023_09_01%20-%20Response-booklet_Mon_Sep_11_2023_09-01-40.pdf),üü° critical,Goddard submits response booklet with revised plans to BETA Group review,Addressing peer review comments,Technical compliance attempt
2023-09-13,[2023_09_13  WCC Hearing Continued.pdf](https://github.com/tdemelle-SiP/bakers_pond/blob/master/Dated%20Documents/2023_09_13%20%20WCC%20Hearing%20Continued.pdf),üîµ formality,Dam hearing continuation,Extended review,Process drags
2023-09-27,[2023_09_27 WCC Hearing Continued.pdf](https://github.com/tdemelle-SiP/bakers_pond/blob/master/Dated%20Documents/2023_09_27%20WCC%20Hearing%20Continued.pdf),üîµ formality,Another continuation,Delays continue,Pattern repeats
2023-10-11,[2023_10_11  WCC Hearing Continued.pdf](https://github.com/tdemelle-SiP/bakers_pond/blob/master/Dated%20Documents/2023_10_11%20%20WCC%20Hearing%20Continued.pdf),üîµ formality,Continued again,Long process,Testing patience
2023-10-25,[2023_10_25  WCC Hearing Continued.pdf](https://github.com/tdemelle-SiP/bakers_pond/blob/master/Dated%20Documents/2023_10_25%20%20WCC%20Hearing%20Continued.pdf),üîµ formality,Dam hearing continuation,Ongoing delays,WCC taking their time
2023-11-08,[2023_11_08  WCC Hearing Continued.pdf](https://github.com/tdemelle-SiP/bakers_pond/blob/master/Dated%20Documents/2023_11_08%20%20WCC%20Hearing%20Continued.pdf),üîµ formality,Hearing continues,Extended timeline,Thorough review
2023-12-13,[2023_12_13  WCC Hearing Continued.pdf](https://github.com/tdemelle-SiP/bakers_pond/blob/master/Dated%20Documents/2023_12_13%20%20WCC%20Hearing%20Continued.pdf),üîµ formality,Another continuation,Year ends with delays,No resolution yet
2023-12-31,[‚ùå 2023_MISSING_BETA_Final_Peer_Review_Report.txt](https://github.com/tdemelle-SiP/bakers_pond/blob/master/Dated%20Documents/2023_MISSING_BETA_Final_Peer_Review_Report.txt),üü° critical,BETA final peer review report for dam project,Professional evaluation of dam plans,Key technical assessment missing
2024-01-10,[2024_01_10  WCC Hearing Continued.pdf](https://github.com/tdemelle-SiP/bakers_pond/blob/master/Dated%20Documents/2024_01_10%20%20WCC%20Hearing%20Continued.pdf),üîµ formality,2024 begins with continuation,New year same delays,Process continues
2025-07-22,[2025_07_22_ChatGPT_Timeline Request Summary.pdf](https://github.com/tdemelle-SiP/bakers_pond/blob/master/Dated%20Documents/2025_07_22_ChatGPT_Timeline%20Request%20Summary.pdf),‚ö™ color,AI-generated timeline summary,Documentation effort,Meta-documentation
2025-07-23,[2025_07_23 WCC Meeting](https://github.com/tdemelle-SiP/bakers_pond/blob/master/Dated%20Documents/2025_07_23%20WCC%20Meeting),üîµ formality,"WCC Meeting where NOI presented, continued to September",Current status update,Dam still pending after 2+ years
2025-07-29,[2025_07_29 DeMelle email to Catrone](https://github.com/tdemelle-SiP/bakers_pond/blob/master/Dated%20Documents/2025_07_29%20DeMelle%20email%20to%20Catrone),üü£ b/g communication,Recent email exchange,Current correspondence,Ongoing dialogue
,,[Undated message from Abby McCabe.pdf](https://github.com/tdemelle-SiP/bakers_pond/blob/master/Dated%20Documents/Undated%20message%20from%20Abby%20McCabe.pdf),‚ö™ color,Message from Abby McCabe,Public input,Community voice
,,[USGIS Orthophoto View of Locus Site - Lot 2B Mill St.pdf](https://github.com/tdemelle-SiP/bakers_pond/blob/master/Dated%20Documents/USGIS%20Orthophoto%20View%20of%20Locus%20Site%20-%20Lot%202B%20Mill%20St.pdf),‚ö™ color,Aerial photo of site,Visual documentation,Site context
,,[USGS Site Locus - Lot 2B Mill St.pdf](https://github.com/tdemelle-SiP/bakers_pond/blob/master/Dated%20Documents/USGS%20Site%20Locus%20-%20Lot%202B%20Mill%20St.pdf),‚ö™ color,USGS site location map,Geographic reference,Location documentation